{"products":[{"id":"0.055491622618357495","qty":1}],"totalPrice":12.219999999999985}